{
  "name": "Jy技術團隊 - 瓦斯行管理系統",
  "description": "現代化瓦斯行業務管理系統，整合AI助理與4D邊框設計",
  "version": "1.0.0",
  "author": "Jy技術團隊",
  "created": "2025-06-22T04:43:31.507Z",
  "sizes": [
    {
      "size": 16,
      "filename": "icon-16x16.svg"
    },
    {
      "size": 24,
      "filename": "icon-24x24.svg"
    },
    {
      "size": 32,
      "filename": "icon-32x32.svg"
    },
    {
      "size": 48,
      "filename": "icon-48x48.svg"
    },
    {
      "size": 64,
      "filename": "icon-64x64.svg"
    },
    {
      "size": 96,
      "filename": "icon-96x96.svg"
    },
    {
      "size": 128,
      "filename": "icon-128x128.svg"
    },
    {
      "size": 256,
      "filename": "icon-256x256.svg"
    },
    {
      "size": 512,
      "filename": "icon-512x512.svg"
    }
  ]
}